Symbol,Full Name,Last Sale,Net Change,% Change,Market Cap,Country,IPO Year,Volume,Sector,Industry,Orgname,State
AAL,American Airlines Group Inc. Common Stock,24.2,-0.27,-1.10%,15480154360,United States,0,13354929,Transportation,Air Freight/Delivery Services,American Airlines Group,Texas
AAPL,Apple Inc. Common Stock,123.01,-2.56,-2.04%,2.13E+12,United States,1980,28163607,Technology,Computer Manufacturing,Apple Inc,California
ABBV,AbbVie Inc. Common Stock,104.69,-6.15,-5.55%,1.85E+11,United States,2012,7177147,Health Care,Major Pharmaceuticals,AbbVie Inc,Illinois
ABC,AmerisourceBergen Corporation Common Stock,112.95,0.09,0.08%,23121559643,United States,0,70528,Health Care,Other Pharmaceuticals,AmerisourceBergen Corp,Pennsylvania
ABNB,Airbnb Inc. Class A Common Stock,199.69,-0.32,-0.16%,1.19E+11,United States,2020,1050986,Finance,Diversified Commercial Services,Airbnb Inc,California
ABT,Abbott Laboratories Common Stock,117.53,-0.69,-0.58%,2.08E+11,United States,0,469930,Health Care,Major Pharmaceuticals,Abbott Laboratories,Illinois
AC,Associated Capital Group Inc. Common Stock,36.205,-0.095,-0.26%,807557811,United States,2015,4236,Finance,Investment Bankers/Brokers/Service,Associated Builders & Contractors,Connecticut
AC,Associated Capital Group Inc. Common Stock,36.205,-0.095,-0.26%,807557811,United States,2015,4236,Finance,Investment Bankers/Brokers/Service,Associated General Contractors,Connecticut
AC,Associated Capital Group Inc. Common Stock,36.205,-0.095,-0.26%,807557811,United States,2015,4236,Finance,Investment Bankers/Brokers/Service,Associated Medical Professionals,Connecticut
AC,Associated Capital Group Inc. Common Stock,36.205,-0.095,-0.26%,807557811,United States,2015,4236,Finance,Investment Bankers/Brokers/Service,Associated Urological Specialists,Connecticut
ACGL,Arch Capital Group Ltd. Common Stock,37.48,-0.38,-1.00%,15104984022,Bermuda,0,243980,Finance,Property-Casualty Insurers,Capital Group,Pembroke
ACGLO,Arch Capital Group Ltd. Depositary Shares Each Representing 1/1000th Interest in a Share of 5.45% Non-Cumulative Preferred Shares Series F,25.91,-0.019,-0.07%,0,Bermuda,0,2583,Finance,Property-Casualty Insurers,Capital Group,Pembroke
ACGLP,Arch Capital Group Ltd. Depositary Shares Representing Interest in 5.25% Non-Cumulative Preferred Series E Shrs,25.28,-0.02,-0.08%,0,Bermuda,0,4424,Finance,Property-Casualty Insurers,Capital Group,Pembroke
ACHC,Acadia Healthcare Company Inc. Common Stock,58.93,-0.5,-0.84%,5247124018,United States,0,176551,Health Care,Medical Specialities,Acadia Healthcare,Tennessee
ADBE,Adobe Inc. Common Stock,447.64,-2.9,-0.64%,2.15E+11,United States,1986,498541,Technology,Computer Software: Prepackaged Software,Adobe Inc,California
ADP,Automatic Data Processing Inc. Common Stock,187.845,-0.435,-0.23%,80386430626,United States,0,528587,Technology,EDP Services,Automatic Data Processing Inc,New Jersey
AEE,Ameren Corporation Common Stock,78.61,0.12,0.15%,19916244804,United States,0,342003,Public Utilities,Power Generation,Ameren Corp,Missouri
AEP,American Electric Power Company Inc. Common Stock,83.53,0.03,0.04%,41486166669,United States,0,613453,Public Utilities,Electric Utilities: Central,American Electric Power,Ohio
AEPPL,American Electric Power Company Inc. Corporate Unit,48,-0.02,-0.04%,0,United States,0,4049,Public Utilities,Electric Utilities: Central,American Electric Power,Ohio
AEPPZ,American Electric Power Company Inc. Corporate Units,48.8,0.29,0.60%,0,United States,0,5316,Public Utilities,Electric Utilities: Central,American Electric Power,Ohio
AFG,American Financial Group Inc. Common Stock,116.54,-0.17,-0.15%,10068972091,United States,0,144204,Finance,Property-Casualty Insurers,American Financial Group,Ohio
AFGB,American Financial Group Inc. 5.875% Subordinated Debentures due 2059,27.09,-0.24,-0.88%,0,United States,2019,1189,Finance,Property-Casualty Insurers,American Financial Group,Ohio
AFGC,American Financial Group Inc. 5.125% Subordinated Debentures due 2059,26.62,-0.03,-0.11%,26568357,United States,2019,1267,Finance,Property-Casualty Insurers,American Financial Group,Ohio
AFGD,American Financial Group Inc. 5.625% Subordinated Debentures due 2060,27.4,-0.065,-0.24%,0,United States,2020,1578,Finance,Property-Casualty Insurers,American Financial Group,Ohio
AFGE,American Financial Group Inc. 4.500% Subordinated Debentures due 2060,26.34,0,0.00%,0,United States,2020,11,Finance,Property-Casualty Insurers,American Financial Group,Ohio
AFL,AFLAC Incorporated Common Stock,51.12,0.02,0.04%,35200571683,United States,0,472922,Finance,Accident &Health Insurance,AFLAC Inc,Georgia
AFT,Apollo Senior Floating Rate Fund Inc. Common Stock,14.95,-0.08,-0.53%,232817262,0,2011,29580,None,None,Apollo,New York
AHT,Ashford Hospitality Trust Inc Common Stock,3.46,0.03,0.88%,238519518,United States,2003,2612276,Consumer Services,Real Estate Investment Trusts,Ashford Hospitality Trust,None
AHT^D,Ashford Hospitality Trust Inc 8.45% Series D Cumulative Preferred Stock,22.31,-0.785,-3.40%,0,United States,0,2010,None,None,Ashford Hospitality Trust,None
AHT^F,Ashford Hospitality Trust Inc 7.375% Series F Cumulative Preferred Stock,22.85,0.75,3.39%,0,United States,0,13622,None,None,Ashford Hospitality Trust,None
AHT^G,Ashford Hospitality Trust Inc 7.375% Series G Cumulative Preferred Stock,22.08,-1.1,-4.75%,0,United States,0,246,None,None,Ashford Hospitality Trust,None
AHT^H,Ashford Hospitality Trust Inc 7.50% Series H Cumulative Preferred Stock,22.63,0,0.00%,0,United States,0,20,None,None,Ashford Hospitality Trust,None
AHT^I,Ashford Hospitality Trust Inc 7.50% Series I Cumulative Preferred Stock,22.5,-0.23,-1.01%,0,United States,0,500,None,None,Ashford Hospitality Trust,None
AIF,Apollo Tactical Income Fund Inc. Common Stock,14.8005,-0.0795,-0.53%,214074817,0,2013,9604,None,None,Apollo,New York
AINV,Apollo Investment Corporation Common Stock,14.79,0.03,0.20%,965183213,United States,2004,198047,None,None,Apollo,New York
AIR,AAR Corp. Common Stock,43.38,0.13,0.30%,1530981536,United States,0,31407,Capital Goods,Aerospace,AAR Corp,Illinois
ALE,Allete Inc.,70.485,-0.985,-1.38%,3673440595,United States,0,44362,Public Utilities,Power Generation,Allete Inc,Minnesota
ALK,Alaska Air Group Inc. Common Stock,70.24,-0.36,-0.51%,8725662055,United States,0,273400,Transportation,Air Freight/Delivery Services,Alaska Air Group,Washington
ALLY,Ally Financial Inc. Common Stock,45.76,-0.3,-0.65%,17114767064,United States,2014,641584,Finance,Major Banks,Ally Financial,Michigan
ALSN,Allison Transmission Holdings Inc. Common Stock,42.56,0.24,0.57%,4764377285,United States,2012,65079,Capital Goods,Auto Parts:O.E.M.,Allison Transmission,Indiana
AMED,Amedisys Inc Common Stock,263.2,-4.05,-1.52%,8645737570,United States,0,82645,Health Care,Medical/Nursing Services,Amedisys Inc,Louisiana
AMEH,Apollo Medical Holdings Inc. Common Stock,26.865,-0.115,-0.43%,1130394199,United States,0,4515,Consumer Services,Professional Services,Apollo,California
AMG,Affiliated Managers Group Inc. Common Stock,147.03,-0.71,-0.48%,6266756769,United States,0,41872,Finance,Investment Managers,Affiliated Managers Group,Florida
AMGN,Amgen Inc. Common Stock,242.555,2.235,0.93%,1.40E+11,United States,1983,566367,Health Care,Biotechnology: Biological Products (No Diagnostic Substances),Amgen Inc,California
AMZN,Amazon.com Inc. Common Stock,3099.88,8.02,0.26%,1.56E+12,United States,1997,676736,Consumer Services,Catalog/Specialty Distribution,Amazon.com,Washington
APEN,Apollo Endosurgery Inc. Common Stock,6.26,-0.14,-2.19%,162658882,United States,0,5863,Health Care,Medical/Dental Instruments,Apollo,California
APO,Apollo Global Management Inc. Class A Common Stock,48.07,0,0.00%,11162939036,United States,2011,316190,Finance,Investment Managers,Apollo Global Management,New York
APO,Apollo Global Management Inc. Class A Common Stock,48.07,0,0.00%,11162939036,United States,2011,316190,Finance,Investment Managers,Apollo Global Management,New York
APO^A,Apollo Global Management Inc. 6.375% Series A Preferred Shares,25.95,-0.02,-0.08%,0,United States,0,6104,None,None,Apollo Global Management,None
APO^A,Apollo Global Management Inc. 6.375% Series A Preferred Shares,25.95,-0.02,-0.08%,0,United States,0,6104,None,None,Apollo Global Management,None
APO^B,Apollo Global Management Inc 6.375% Series B Preferred Shares,26.63,-0.03,-0.11%,0,United States,0,2069,None,None,Apollo Global Management,None
APO^B,Apollo Global Management Inc 6.375% Series B Preferred Shares,26.63,-0.03,-0.11%,0,United States,0,2069,None,None,Apollo Global Management,None
APSG,Apollo Strategic Growth Capital Class A Ordinary Shares,10.1,-0.04,-0.39%,1042759350,United States,2020,76817,Finance,Business Services,Apollo,None
APXT,Apex Technology Acquisition Corporation Class A Common Stock,13.07,0.1,0.77%,582399200,United States,2019,474125,Technology,Computer Software: Prepackaged Software,Apex,None
APXTU,Apex Technology Acquisition Corporation Unit,14.99,0.65,4.53%,0,United States,2019,450,Technology,Computer Software: Prepackaged Software,Apex,None
APXTW,Apex Technology Acquisition Corporation Warrant,3.71,0.21,6.00%,0,United States,2019,422477,Technology,Computer Software: Prepackaged Software,Apex,None
AR,Antero Resources Corporation Common Stock,9.91,-0.02,-0.20%,2984788242,0,2013,2047313,Energy,Oil & Gas Production,Antero Resources,Colorado
ARES,Ares Management Corporation Class A Common Stock,54.585,-0.095,-0.17%,8162610387,0,2014,55634,Finance,Investment Managers,Ares Management,California
ARES^A,Ares Management Corporation 7.00% Series A Preferred Stock,25.6,0.0291,0.11%,0,0,0,2424,None,None,Ares Management,None
ARI,Apollo Commercial Real Estate Finance Inc,14.68,0.14,0.96%,2052981485,United States,2009,173976,Consumer Services,Real Estate Investment Trusts,Apollo,New York
ARLP,Alliance Resource Partners L.P. Common Units representing Limited Partners Interests,5.79,-0.01,-0.17%,736460318,United States,1999,60972,Energy,Coal Mining,Alliance Resource Partners,Oklahoma
ARW,Arrow Electronics Inc. Common Stock,108.53,0.43,0.40%,8096688877,United States,0,49701,Technology,Electronic Components,Electronics Inc,Colorado
ATGE,Adtalem Global Education Inc. Common Stock,40.27,-0.17,-0.42%,2019686438,United States,0,34105,Consumer Services,Other Consumer Services,Adtalem Global Education,Illinois
AZN,AstraZeneca PLC American Depositary Shares,49.315,-0.735,-1.47%,1.29E+11,United Kingdom,0,4435255,Health Care,Major Pharmaceuticals,AstraZeneca PLC,Cambridgeshire
AZO,AutoZone Inc. Common Stock,1299.43,0.43,0.03%,28825255690,United States,0,36076,Consumer Services,Other Specialty Stores,AutoZone Inc,Tennessee
BA,Boeing Company (The) Common Stock,255.07,-0.14,-0.06%,1.49E+11,United States,0,7922272,Capital Goods,Aerospace,Boeing Co,Illinois
BAC,Bank of America Corporation Common Stock,37.42,-0.22,-0.58%,3.23E+11,United States,0,13387987,Finance,Major Banks,Bank of America,North Carolina
BAC^A,Bank of America Corporation Depositary Shares each representing a 1/1000 th interest in a share of Bank of America Corporation 6.000% Non-Cumulative,25.4134,0.0034,0.01%,0,United States,0,1451,None,None,Bank of America,None
BAC^B,Bank of America Corporation Depositary Shares each representing a 1/1000th interest in a share of 6.000% Non-Cumulative Preferred Stock Series GG,27.15,-0.07,-0.26%,0,United States,0,1124,None,None,Bank of America,None
BAC^E,Bank of America Corporation Depositary Sh repstg 1/1000th Perp Pfd Ser E,25.2661,-0.0239,-0.10%,0,United States,0,1000,None,None,Bank of America,None
BAC^K,Bank of America Corporation Depositary Shares each representing a 1/1000th interest in a share of 5.875% Non- Cumulative Preferred Stock Series HH,27.26,-0.03,-0.11%,0,United States,0,10507,None,None,Bank of America,None
BAC^L,Bank of America Corporation Non Cumulative Perpetual Conv Pfd Ser L,1425,-7,-0.49%,0,United States,0,328,None,None,Bank of America,None
BAC^M,Bank of America Corporation Depositary Shares each representing a 1/1000th interest in a share of 5.375% Non-Cumulative Preferred Stock Series KK,27.24,-0.07,-0.26%,0,United States,0,14630,None,None,Bank of America,None
BAC^N,Bank of America Corporation Depositary shares each representing 1/1000th interest in a share of 5.000% Non-Cumulative Preferred Stock Series LL,26.61,0.02,0.08%,0,United States,0,27083,None,None,Bank of America,None
BAC^O,Bank of America Corporation Depositary shares each representing 1/1000th interest in a share of 4.375% Non-Cumulative Preferred Stock Series NN,25.035,-0.1384,-0.55%,0,United States,0,69030,None,None,Bank of America,None
BAC^P,Bank of America Corporation Depositary Shares each representing a 1/1000th interest in a share of 4.125% Non-Cumulative Preferred Stock Series PP,24.823,-0.017,-0.07%,0,United States,0,146642,None,None,Bank of America,None
BAM,Brookfield Asset Management Inc. Common Stock,44.38,0.63,1.44%,66997632987,Canada,0,891400,Consumer Services,Building operators,Brookfield Asset Management,Ontario
BATRA,Liberty Media Corporation Series A Liberty Braves Common Stock,31.72,-0.15,-0.47%,1657453202,United States,0,3921,Consumer Services,Broadcasting,Liberty Media Corp,Colorado
BATRK,Liberty Media Corporation Series C Liberty Braves Common Stock,30.8206,-0.1494,-0.48%,1610457192,United States,0,49735,Consumer Services,Broadcasting,Liberty Media Corp,Colorado
BBY,Best Buy Co. Inc. Common Stock,110.55,-2.9,-2.56%,28626353389,United States,0,441342,Consumer Services,Consumer Electronics/Video Chains,Best Buy,Minnesota
BC,Brunswick Corporation Common Stock,101.775,-1.645,-1.59%,7915525588,United States,0,78278,Energy,Industrial Machinery/Components,Brunswick Corp,Illinois
BC^A,Brunswick Corporation 6.500% Senior Notes due 2048,26.95,0,0.00%,0,United States,0,8617,None,None,Brunswick Corp,None
BC^B,Brunswick Corporation 6.625% Senior Notes due 2049,27.5847,0.0047,0.02%,0,United States,0,10667,None,None,Brunswick Corp,None
BC^C,Brunswick Corporation 6.375% Notes due 2049,27.42,0,0.00%,0,United States,0,1221,None,None,Brunswick Corp,None
BCS,Barclays PLC Common Stock,10.025,-0.125,-1.23%,43514658819,United Kingdom,0,2784511,Finance,Commercial Banks,Barclays,London
BCSF,Bain Capital Specialty Finance Inc. Common Stock,15.31,0,0.00%,988448277,United States,2018,16525,None,None,Bain Capital,Massachusetts
BEN,Franklin Resources Inc. Common Stock,29.75,-0.01,-0.03%,15035761622,United States,0,740437,Finance,Investment Managers,Franklin Resources,California
BHE,Benchmark Electronics Inc. Common Stock,31.4,-0.08,-0.25%,1140659071,United States,0,28392,Technology,Electrical Products,Electronics Inc,Arizona
BKR,Baker Hughes Company Class A Common Stock,23.29,0.27,1.17%,24230818322,0,2017,1761001,Energy,Metal Fabrications,Baker,Texas
BKT,BlackRock Income Trust Inc. (The),6.0452,-0.0048,-0.08%,385666301,United States,0,18716,None,None,BlackRock Inc,Delaware
BLK,BlackRock Inc. Common Stock,720.855,-2.215,-0.31%,1.10E+11,United States,1999,68175,Finance,Investment Bankers/Brokers/Service,BlackRock Inc,New York
BLL,Ball Corporation Common Stock,83.58,-0.32,-0.38%,27408106565,United States,0,313423,Consumer Durables,Containers/Packaging,Ball Corp,Colorado
BML^G,Bank of America Corporation Bank of America Corporation Depositary Shares (Each representing a 1/1200th interest in a share of Floating Rate Non-Cumulative Preferred Stock  Series 1),22.114,-0.034,-0.15%,0,United States,0,1300,None,None,Bank of America,None
BML^H,Bank of America Corporation Bank of America Corporation Depositary Shares (Each representing a 1/1200th interest in a Share of Floating Rate Non-Cumulative Preferred Stock Series 2),21.92,-0.02,-0.09%,0,United States,0,3591,None,None,Bank of America,None
BML^J,Bank of America Corporation Bank of America Corporation Depositary Shares (Each representing a 1/1200th interest in a Share of Floating Rate Non-Cumulative Preferred Stock Series 4),25.05,-0.15,-0.60%,0,United States,0,457,None,None,Bank of America,None
BML^L,Bank of America Corporation Bank of America Corporation Depositary Shares (Each representing a 1/1200th Interest in a Share of Floating Rate Non-Cumulative Preferred Stock Series 5),24.9101,-0.0428,-0.17%,0,United States,0,5400,None,None,Bank of America,None
BMY,Bristol-Myers Squibb Company Common Stock,61.96,0.06,0.10%,1.39E+11,United States,0,2135296,Health Care,Major Pharmaceuticals,Bristol-Myers Squibb,New York
BRK/A,Berkshire Hathaway Inc.,381174.88,-1545.12,-0.40%,0,United States,0,820,None,None,Berkshire Hathaway,None
BRK/B,Berkshire Hathaway Inc.,251.185,-0.315,-0.13%,0,United States,0,1104145,None,None,Berkshire Hathaway,None
BWXT,BWX Technologies Inc. Common Stock,63.645,-0.015,-0.02%,6045855389,United States,0,32746,Energy,Industrial Machinery/Components,BWX Technologies,Virginia
BX,The Blackstone Group Inc. Common Stock,74,-0.87,-1.16%,52090380070,United States,2007,389359,Finance,Investment Managers,Blackstone Group,None
BXS,BancorpSouth Bank Common Stock,33.895,-0.015,-0.04%,3479190610,United States,0,18259,None,None,BancorpSouth Bank,Mississippi
BXS^A,BancorpSouth Bank 5.50% Series A Non-Cumulative Perpetual Preferred Stock,26.0928,-0.1872,-0.71%,0,United States,0,2202,None,None,BancorpSouth Bank,None
CAF,Morgan Stanley China A Share Fund Inc. Common Stock,22.2582,0.0182,0.08%,487042024,United States,2006,2255,None,None,Morgan Stanley,New York
CAH,Cardinal Health Inc. Common Stock,57.84,0.57,1.00%,16985731670,United States,0,261245,Health Care,Other Pharmaceuticals,Cardinal Health,None
CAT,Caterpillar Inc. Common Stock,229.24,2.78,1.23%,1.25E+11,United States,0,560766,Capital Goods,Construction/Ag Equipment/Trucks,Caterpillar Inc,Illinois
CBOE,Cboe Global Markets Inc. Common Stock,103.68,0.49,0.48%,11593368000,0,2010,72765,None,None,Cboe Global Markets,Illinois
CBRE,CBRE Group Inc Common Stock Class A,77.615,-0.735,-0.94%,26047374505,United States,0,128463,Finance,Real Estate,CBRE Group,California
CCAP,Crescent Capital BDC Inc. Common stock,18.025,0.025,0.14%,507716664,United States,0,1813,None,None,Crescent Capital,California
CCBG,Capital City Bank Group Common Stock,26.96,-0.13,-0.48%,454013598,United States,0,1792,Finance,Major Banks,City Bank,Florida
CCIV,Churchill Capital Corp IV Class A Common Stock,29.5276,-1.5724,-5.06%,7640266500,United States,2020,12903140,Finance,Business Services,Churchill Capital,None
CCL,Carnival Corporation Common Stock,28.03,-0.22,-0.78%,32424159109,United States,1987,9330185,Consumer Services,Marine Transportation,Carnival Corp,Florida
CCV,Churchill Capital Corp V Class A Common Stock,10.3,-0.03,-0.29%,643750000,0,2021,47872,Finance,Business Services,Churchill Capital,None
CCX,Churchill Capital Corp II Class A Common Stock,10.04,0,0.00%,865950000,0,2019,335117,Technology,Computer Software: Prepackaged Software,Churchill Capital,None
CG,The Carlyle Group Inc. Common Stock,36.775,-0.385,-1.04%,13025469419,United States,2012,95533,Finance,Investment Managers,Carlyle Group,None
CHSCL,CHS Inc Class B Cumulative Redeemable Preferred Stock Series 4,28.94,0.09,0.31%,0,United States,0,7517,Consumer Services,Farming/Seeds/Milling,CHS Inc,Minnesota
CHSCM,CHS Inc Class B Reset Rate Cumulative Redeemable Preferred Stock Series 3,27.79,-0.07,-0.25%,0,United States,0,446,Consumer Services,Farming/Seeds/Milling,CHS Inc,Minnesota
CHSCN,CHS Inc Preferred Class B Series 2 Reset Rate,27.99,-0.31,-1.10%,0,United States,0,659,Consumer Services,Farming/Seeds/Milling,CHS Inc,Minnesota
CHSCO,CHS Inc. Class B Cumulative Redeemable Preferred Stock,28.75,-0.09,-0.31%,0,United States,0,1452,Consumer Services,Farming/Seeds/Milling,CHS Inc,Minnesota
CHSCP,CHS Inc. 8%  Cumulative Redeemable Preferred Stock,29.8,-0.21,-0.70%,0,United States,0,1044,Consumer Services,Farming/Seeds/Milling,CHS Inc,Minnesota
CHTR,Charter Communications Inc. Class A Common Stock New,637.38,-2.27,-0.36%,1.31E+11,United States,0,207412,Consumer Services,Television Services,Charter Communications,Connecticut
CI,Cigna Corporation Common Stock,240.3,-1.39,-0.58%,84242211300,United States,0,512555,Health Care,Medical Specialities,Cigna Corp,Connecticut
CLF,Cleveland-Cliffs Inc. Common Stock,16.08,0.16,1.01%,8022079773,United States,0,3661204,Basic Industries,Precious Metals,Cleveland-Cliffs,Ohio
CLNE,Clean Energy Fuels Corp. Common Stock,14.42,-0.545,-3.64%,2872780317,United States,2007,1671247,Public Utilities,Natural Gas Distribution,Energy Fuels,California
CLX,Clorox Company (The) Common Stock,189.14,0.11,0.06%,23792161375,United States,0,125259,Consumer Durables,Specialty Chemicals,Clorox Co,California
CMCSA,Comcast Corporation Class A Common Stock,57.02,-1.02,-1.76%,2.61E+11,United States,0,3847949,Consumer Services,Television Services,Comcast Corp,Pennsylvania
CME,CME Group Inc. Class A Common Stock,207.3,0.18,0.09%,74422062998,United States,2002,408008,Finance,Investment Bankers/Brokers/Service,CME Group,Illinois
CMI,Cummins Inc. Common Stock,266.44,-0.48,-0.18%,39341886681,United States,0,119976,Energy,Industrial Machinery/Components,Cummins Inc,Indiana
CMS,CMS Energy Corporation Common Stock,58.27,-0.11,-0.19%,16836729238,United States,0,283202,Public Utilities,Power Generation,CMS Energy,Michigan
CMS^B,CMS Energy Corporation Preferred Stock,110.86,0,0.00%,0,United States,0,7,Public Utilities,Power Generation,CMS Energy,None
CMSA,CMS Energy Corporation 5.625% Junior Subordinated Notes due 2078,26.2399,-0.1101,-0.42%,0,United States,2018,425,Public Utilities,Power Generation,CMS Energy,Michigan
CMSC,CMS Energy Corporation 5.875% Junior Subordinated Notes due 2078,27.7,0,0.00%,0,United States,2018,172,Public Utilities,Power Generation,CMS Energy,Michigan
CMSD,CMS Energy Corporation 5.875% Junior Subordinated Notes due 2079,27.1,-0.01,-0.04%,0,United States,2019,2772,Public Utilities,Power Generation,CMS Energy,Michigan
CNC,Centene Corporation Common Stock,62.94,-0.03,-0.05%,36605466001,United States,0,471586,Health Care,Medical Specialities,Centene Corp,Missouri
CNHI,CNH Industrial N.V. Common Shares,15.24,0.06,0.40%,20634146260,0,2013,634248,Capital Goods,Construction/Ag Equipment/Trucks,CNH Industrial,London
CNK,Cinemark Holdings Inc Cinemark Holdings Inc. Common Stock,24.4,0.05,0.21%,2893440084,United States,2007,1475059,Consumer Services,Movies/Entertainment,Cinemark Holdings,Texas
CNS,Cohen & Steers Inc Common Stock,67.09,-0.67,-0.99%,3235700450,United States,2004,18857,Finance,Investment Managers,Cohen,New York
COF,Capital One Financial Corporation Common Stock,128.11,-0.38,-0.30%,58832818761,United States,1994,848591,Finance,Major Banks,Capital One Financial,Virginia
COF^G,Capital One Financial Corporation Depositary Shares Each Representing a 1/40th Interest in a Share of Fixed Rate Non-Cumulative Perpetual Preferred Stock Series G,25.77,-0.02,-0.08%,0,United States,0,166,None,None,Capital One Financial,None
COF^H,Capital One Financial Corporation Depositary Shares Each Representing 1/40th Interest in a Share of Fixed Rate Non-Cumulative Perpetual Preferred Stock Series H,25.7192,-0.0908,-0.35%,0,United States,0,9989,None,None,Capital One Financial,None
COF^I,Capital One Financial Corporation Depositary shares each representing a 1/40th interest in a share of Fixed Rate Non-Cumulative Perpetual Preferred Stock Series I of the Issuer,25.65,-0.05,-0.20%,0,United States,0,12350,None,None,Capital One Financial,None
COF^J,Capital One Financial Corporation Depositary Shares Each Representing a 1/40th Interest in a Share of Fixed Rate Non- Cumulative Perpetual Preferred Stock Series J,25.15,-0.15,-0.59%,0,United States,0,27190,None,None,Capital One Financial,None
COF^K,Capital One Financial Corporation Depositary Shares Each Representing a 1/40th Ownership Interest in a Share of Fixed Rate Non-Cumulative Perpetual Preferred Stock Series K,25.175,-0.025,-0.10%,0,United States,0,702,None,None,Capital One Financial,None
COHN,Cohen & Company Inc.,28.49,0.8348,3.02%,37863409,United States,0,4365,Finance,Investment Bankers/Brokers/Service,Cohen & Co,None
COKE,Coca-Cola Consolidated Inc. Common Stock,310,4.41,1.44%,2905843590,United States,1972,4653,Consumer Non-Durables,Beverages (Production/Distribution),Coca-Cola Co,North Carolina
COLM,Columbia Sportswear Company Common Stock,104,0.1,0.10%,6904155024,United States,1998,109622,Consumer Non-Durables,Apparel,Columbia Sportswear,Oregon
COP,ConocoPhillips Common Stock,55.74,-0.84,-1.49%,75506812494,United States,0,2275409,Energy,Integrated oil Companies,ConocoPhillips,Texas
CPRT,Copart Inc. (DE) Common Stock,108.375,-0.655,-0.60%,25610851082,United States,1994,116793,Consumer Durables,Automotive Aftermarket,Copart Inc,Texas
CPT,Camden Property Trust Common Stock,109.22,-0.48,-0.44%,10655820921,United States,1993,57458,Consumer Services,Real Estate Investment Trusts,Camden Property Trust,Texas
CRH,CRH PLC American Depositary Shares,46.39,-0.81,-1.72%,36398715200,Ireland,0,194090,Capital Goods,Building Materials,CRH PLC,Dublin
CRHC,Cohn Robbins Holdings Corp. Class A Ordinary Shares,10.18,-0.03,-0.29%,1053630000,United States,2020,75625,Finance,Business Services,Robbins,None
CSCO,Cisco Systems Inc. Common Stock (DE),49.4576,-0.2124,-0.43%,2.09E+11,United States,1990,2975922,Technology,Computer Communications Equipment,Cisco Systems,None
CSL,Carlisle Companies Incorporated Common Stock,157.695,0.855,0.55%,8403770923,United States,0,26060,Basic Industries,Specialty Chemicals,Carlisle Companies,Arizona
CSX,CSX Corporation Common Stock,91.4,-0.54,-0.59%,69692962301,United States,0,565246,Transportation,Railroads,CSX Corp,Florida
CTAS,Cintas Corporation Common Stock,344.12,-3.83,-1.10%,36142910868,United States,1983,52764,Consumer Non-Durables,Apparel,Cintas Corp,None
CUB,Cubic Corporation Common Stock,69.95,-0.01,-0.01%,2220799881,United States,0,57079,Capital Goods,Industrial Machinery/Components,Cubic Corp,California
CVS,CVS Health Corporation Common Stock,73.05,-2.02,-2.69%,95794477344,United States,0,2459628,Health Care,Medical/Nursing Services,CVS Health,Rhode Island
CVX,Chevron Corporation Common Stock,106.87,-0.77,-0.72%,2.06E+11,United States,0,1601811,Energy,Integrated oil Companies,Chevron Corp,None
CZR,Caesars Entertainment Inc. Common Stock,92.71,-3.09,-3.23%,19309400906,United States,0,608406,Consumer Services,Hotels/Resorts,Caesars Entertainment,None
D,Dominion Energy Inc. Common Stock,73.65,-0.64,-0.86%,59335985511,United States,0,573757,Public Utilities,Electric Utilities: Central,Dominion Energy,Virginia
DAL,Delta Air Lines Inc. Common Stock,49.56,0.17,0.34%,31626548717,United States,0,4130004,Transportation,Air Freight/Delivery Services,Delta Air Lines,Georgia
DCUE,Dominion Energy Inc. 2019 Series A Corporate Units,96.68,-0.66,-0.68%,0,United States,2019,2999,Public Utilities,Electric Utilities: Central,Dominion Energy,Virginia
DE,Deere & Company Common Stock,375.49,1.97,0.53%,1.18E+11,United States,0,374522,Capital Goods,Industrial Machinery/Components,Deere & Co,Illinois
DELL,Dell Technologies Inc. Class C Common Stock ,89.55,0.47,0.53%,67144982050,0,2018,372398,Technology,Computer Manufacturing,Dell Technologies,Texas
DFS,Discover Financial Services Common Stock,97.581,-1.039,-1.05%,29893448518,United States,0,402947,Finance,Finance: Consumer Services,Discover Financial Services,Illinois
DHR,Danaher Corporation Common Stock,215.065,-0.835,-0.39%,1.53E+11,United States,0,834428,Capital Goods,Industrial Machinery/Components,Danaher Corp,Washington Dc
DHR^A,Danaher Corporation 4.75% Mandatory Convertible Preferred Stock Series A,1478.03,0,0.00%,0,United States,0,123,None,None,Danaher Corp,None
DHR^B,Danaher Corporation 5.00% Mandatory Convertible Preferred Stock Series B,1268.99,0,0.00%,0,United States,0,39,None,None,Danaher Corp,None
DIS,Walt Disney Company (The) Common Stock,192.2,-2.04,-1.05%,3.49E+11,United States,0,2891439,Consumer Services,Services-Misc. Amusement & Recreation,Walt Disney Co,None
DISCA,Discovery Inc. Series A Common Stock,71.89,-3.92,-5.17%,35034455279,United States,0,4481076,Consumer Services,Television Services,Discovery Inc,Maryland
DISCB,Discovery Inc. Series B Common Stock,80.94,0,0.00%,39444829743,United States,0,433,Consumer Services,Television Services,Discovery Inc,Maryland
DISCK,Discovery Inc. Series C Common Stock,60.74,-1.62,-2.60%,29600679004,United States,0,3684858,Consumer Services,Television Services,Discovery Inc,Maryland
DISH,DISH Network Corporation Class A Common Stock,37.85,-0.88,-2.27%,19915540178,United States,1995,561141,Consumer Services,Television Services,DISH Network,Colorado
DOW,Dow Inc. Common Stock ,64.83,1.65,2.61%,48312927544,0,2019,1195759,Basic Industries,Major Chemicals,Dow Inc,Michigan
DRUA,Dominion Energy Inc. 2016 Series A 5.25% Enhanced Junior Subordinated Notes due 2076,25.5587,-0.0113,-0.04%,0,United States,2016,2486,Public Utilities,Electric Utilities: Central,Dominion Energy,Virginia
DTB,DTE Energy Company 2020 Series G 4.375% Junior Subordinated Debentures due 2080,25.46,0.03,0.12%,0,United States,2020,10846,Public Utilities,Electric Utilities: Central,DTE Energy,Michigan
DTE,DTE Energy Company Common Stock,130.12,0.23,0.18%,25213832152,United States,0,239203,Public Utilities,Electric Utilities: Central,DTE Energy,Michigan
DTJ,DTE Energy Company 2016 Series B 5.375% Junior Subordinated Debentures due 2076,25.35,0,0.00%,0,United States,2016,1820,Public Utilities,Electric Utilities: Central,DTE Energy,Michigan
DTP,DTE Energy Company 6.25% Corporate Units,49.22,-0.29,-0.59%,0,United States,0,39088,Public Utilities,Electric Utilities: Central,DTE Energy,Michigan
DTW,DTE Energy Company 2017 Series E 5.25% Junior Subordinated Debentures due 2077,26.12,0.1,0.38%,0,United States,2017,1730,Public Utilities,Electric Utilities: Central,DTE Energy,Michigan
DTY,DTE Energy Company 2016 Series F 6.00% Junior Subordinated Debentures due 2076,25.81,-0.05,-0.19%,0,United States,2016,1574,Public Utilities,Electric Utilities: Central,DTE Energy,Michigan
DUK,Duke Energy Corporation (Holding Company) Common Stock,92.89,-0.13,-0.14%,71401159946,United States,0,631126,Public Utilities,Power Generation,Duke Energy,North Carolina
DUK^A,Duke Energy Corporation Depositary Shares each representing a 1/1000th interest in a share of 5.75% Series A Cumulative Redeemable Perpetual Preferred Stock,27.89,0.026,0.09%,0,United States,0,5643,Public Utilities,Power Generation,Duke Energy,None
DUKB,Duke Energy Corporation 5.625% Junior Subordinated Debentures due 2078,26.84,-0.05,-0.19%,0,United States,2018,10518,Public Utilities,Power Generation,Duke Energy,North Carolina
DUKH,Duke Energy Corporation 5.125% Junior Subordinated Debentures due 2073,25.9728,-0.0872,-0.34%,0,United States,0,1476,Public Utilities,Power Generation,Duke Energy,North Carolina
DVA,DaVita Inc. Common Stock,107.6,-0.04,-0.04%,11714412000,United States,0,63737,Health Care,Misc Health and Biotechnology Services,DaVita Inc,Colorado
DVN,Devon Energy Corporation Common Stock,23.205,-0.305,-1.30%,15619285500,United States,0,2427741,Energy,Oil & Gas Production,Devon Energy,Oklahoma
EAD,Wells Fargo Income Opportunities Fund Common Shares,8.353,0.003,0.04%,506076646,United States,2003,16314,None,None,Wells Fargo,None
EBAY,eBay Inc. Common Stock,57.18,-0.24,-0.42%,38907888957,United States,1998,1039447,Miscellaneous,Business Services,eBay Inc,California
EBS,Emergent Biosolutions Inc. Common Stock,91.17,-1.86,-2.00%,4859361000,United States,2006,38007,Health Care,Major Pharmaceuticals,Emergent Biosolutions,Maryland
ECL,Ecolab Inc. Common Stock,209.97,-2.98,-1.40%,60019915261,United States,0,345994,Basic Industries,Package Goods/Cosmetics,Ecolab Inc,Minnesota
ECPG,Encore Capital Group Inc Common Stock,40.5,-0.26,-0.64%,1269495545,United States,0,38846,Finance,Finance Companies,Capital Group,California
EDD,Morgan Stanley Emerging Markets Domestic Debt Fund Inc. Morgan Stanley Emerging Markets Domestic Debt Fund Inc. Common Stock,5.955,-0.025,-0.42%,393578604,United States,2007,86254,None,None,Morgan Stanley,New York
EHTH,eHealth Inc. Common Stock,61.925,-2.085,-3.26%,1605875822,United States,2006,90365,Finance,Specialty Insurers,eHealth Inc,California
EIX,Edison International Common Stock,59.93,0.37,0.62%,22733342488,United States,0,206991,Public Utilities,Electric Utilities: Central,Edison International,California
EL,Estee Lauder Companies Inc. (The) Common Stock,289.23,0.31,0.11%,1.05E+11,United States,1995,93799,Consumer Non-Durables,Package Goods/Cosmetics,Estee Lauder Companies,New York
EMR,Emerson Electric Company Common Stock,89.14,0.08,0.09%,53486644962,United States,0,320536,Energy,Consumer Electronics/Appliances,Emerson Electric,Missouri
EOD,Wells Fargo Global Dividend Opportunity Fund,5.1917,-0.0283,-0.54%,227414216,United States,2007,43558,None,None,Wells Fargo,California
EPD,Enterprise Products Partners L.P. Common Stock,23.2101,-0.0799,-0.34%,50635134246,United States,0,978426,Public Utilities,Natural Gas Distribution,Enterprise Products Partners,Texas
EPZM,Epizyme Inc. Common Stock,8.885,-0.115,-1.28%,904361164,United States,2013,344243,Health Care,Major Pharmaceuticals,Epizyme,Massachusetts
ERC,Wells Fargo Multi-Sector Income Fund Common Stock no par value,12.35,0.01,0.08%,347431287,United States,2003,8088,None,None,Wells Fargo,California
ERH,Wells Fargo Utilities and High Income Fund,12.935,-0.025,-0.19%,119972966,0,2004,6535,None,None,Wells Fargo,California
ES,Eversource Energy (D/B/A) Common Stock,82.79,0.07,0.09%,28397248671,United States,0,145186,Public Utilities,Electric Utilities: Central,Eversource Energy,Massachusetts
ET,Energy Transfer LP Common Units ,8.09,0,0.00%,21870955893,United States,0,3789355,Public Utilities,Natural Gas Distribution,Energy Transfer LP,Texas
ETN,Eaton Corporation PLC Ordinary Shares,136.28,-0.55,-0.40%,54253068000,Ireland,0,667534,Technology,Industrial Machinery/Components,Eaton Corp,3None Pembroke Road
ETR,Entergy Corporation Common Stock,99.525,0.615,0.62%,19952771502,United States,0,175558,Public Utilities,Electric Utilities: Central,Entergy Corp,Louisiana
EW,Edwards Lifesciences Corporation Common Stock,80.58,-0.68,-0.84%,50323730786,United States,0,223617,Health Care,Industrial Specialties,Edwards Lifesciences,California
EXAS,Exact Sciences Corporation Common Stock,125.07,-5.56,-4.26%,21148481771,United States,2001,296941,Health Care,Biotechnology: Commercial Physical & Biological Resarch,Exact Sciences Corp,Wisconsin
EXC,Exelon Corporation Common Stock,42.935,-0.425,-0.98%,41919063400,United States,0,1356069,Public Utilities,Power Generation,Exelon Corp,Illinois
F,Ford Motor Company Common Stock,12.335,-0.155,-1.24%,49077203035,United States,0,35780683,Capital Goods,Auto Manufacturing,Ford Motor Co,Michigan
F^B,Ford Motor Company 6.20% Notes due June 1 2059,26.6466,-0.0434,-0.16%,0,United States,0,12946,None,None,Ford Motor Co,None
F^C,Ford Motor Company 6% Notes due December 1 2059,26.345,-0.055,-0.21%,0,United States,0,10136,None,None,Ford Motor Co,None
FAST,Fastenal Company Common Stock,47.6602,-0.0598,-0.13%,27373218319,United States,1987,340500,Consumer Services,RETAIL: Building Materials,Fastenal Co,Minnesota
FB,Facebook Inc. Class A Common Stock,279.8,0.52,0.19%,7.97E+11,United States,2012,4946038,Technology,Computer Software: Programming Data Processing,Facebook Inc,California
FCFS,FirstCash Inc. Common Stock,68.91,-0.08,-0.12%,2827939192,United States,1991,16582,Consumer Services,Other Specialty Stores,FirstCash Inc,Texas
FCX,Freeport-McMoRan Inc. Common Stock,34.0385,-0.9515,-2.72%,49696210000,United States,0,6294595,Basic Industries,Precious Metals,Freeport-McMoRan,Arizona
FDX,FedEx Corporation Common Stock,260.7025,-0.0975,-0.04%,69104566011,United States,0,410757,Transportation,Air Freight/Delivery Services,FedEx Corp,Tennessee
FE,FirstEnergy Corp. Common Stock,35.6299,0.0699,0.20%,19354699335,United States,0,862048,Public Utilities,Electric Utilities: Central,FirstEnergy Corp,Ohio
FEIM,Frequency Electronics Inc. Common Stock,11.8999,0.1999,1.71%,109474618,United States,0,848,Capital Goods,Electrical Products,Electronics Inc,New York
FMS,Fresenius Medical Care AG Common Stock,36.13,-0.31,-0.85%,21163260948,Germany,0,99281,Health Care,Misc Health and Biotechnology Services,Fresenius Medical Care,Hessen
FOF,Cohen & Steers Closed-End Opportunity Fund Inc. Common Stock,13.225,-0.015,-0.11%,360511939,United States,2006,10720,None,None,Cohen,New York
FTS,Fortis Inc. Common Shares,42.55,-0.2,-0.47%,19862340000,0,2016,50398,Public Utilities,Electric Utilities: Central,Fortis Inc,Newfoundland And Labrador
FWONA,Liberty Media Corporation Series A Liberty Formula One Common Stock,41.83,-0.47,-1.11%,9697069125,United States,0,9459,Consumer Services,Broadcasting,Liberty Media Corp,Colorado
FWONK,Liberty Media Corporation Series C Liberty Formula One Common Stock,47.38,-0.48,-1.00%,10983675237,United States,0,96451,Consumer Services,Broadcasting,Liberty Media Corp,Colorado
GBX,Greenbrier Companies Inc. (The) Common Stock,47.7,0.09,0.19%,1565708616,United States,1994,27094,Capital Goods,Railroads,Greenbrier Companies,Oregon
GD,General Dynamics Corporation Common Stock,175.55,0.23,0.13%,50253764398,United States,0,154822,Capital Goods,Marine Transportation,General Dynamics,Virginia
GE,General Electric Company Common Stock,13.44,0.29,2.21%,1.18E+11,United States,0,27533830,Energy,Consumer Electronics/Appliances,General Electric,Massachusetts
GER,Goldman Sachs MLP Energy Renaissance Fund,9.75,-0.02,-0.21%,165992219,0,1986,20077,None,None,Goldman Sachs,New York
GH,Guardant Health Inc. Common Stock,144.3,-1.2,-0.83%,14491599361,United States,2018,82140,Health Care,Medical Specialities,Guardant Health,None
GILD,Gilead Sciences Inc. Common Stock,63.825,-0.185,-0.29%,80202058182,United States,1992,2158259,Health Care,Biotechnology: Biological Products (No Diagnostic Substances),Gilead Sciences,California
GIS,General Mills Inc. Common Stock,59.44,0.06,0.10%,36343791385,United States,0,509128,Consumer Non-Durables,Packaged Foods,General Mills,Minnesota
GJS,Goldman Sachs Group Securities STRATS Trust for Goldman Sachs Group Securities Series 2006-2,20.86,-0.8,-3.69%,0,United States,0,1412,Finance,Finance: Consumer Services,Goldman Sachs,None
GLW,Corning Incorporated Common Stock,41.085,0.095,0.23%,31568394720,United States,0,554128,Basic Industries,Telecommunications Equipment,Corning Inc,New York
GM,General Motors Company Common Stock,57.64,0.52,0.91%,83054214945,United States,2010,4684138,Capital Goods,Auto Manufacturing,General Motors,Michigan
GNW,Genworth Financial Inc Common Stock,3.465,0.005,0.15%,1752577891,United States,2004,673229,Finance,Life Insurance,Genworth Financial,Virginia
GOLD,Barrick Gold Corporation Common Stock (BC),20.635,-0.075,-0.36%,36692948463,Canada,0,3083081,Basic Industries,Precious Metals,Barrick Gold Corp,None
GOOG,Alphabet Inc. Class C Capital Stock,2069.79,-22.73,-1.09%,1.40E+12,United States,2004,323615,Technology,Computer Software: Programming Data Processing,Alphabet Inc,California
GOOGL,Alphabet Inc. Class A Common Stock,2060.61,-23.28,-1.12%,1.39E+12,United States,0,246198,Technology,Computer Software: Programming Data Processing,Alphabet Inc,California
GPN,Global Payments Inc. Common Stock,216.03,0.6,0.28%,63781432134,United States,0,347326,Miscellaneous,Business Services,Global Payments,Georgia
GS,Goldman Sachs Group Inc. (The) Common Stock,341.5,-0.21,-0.06%,1.18E+11,United States,1999,517436,Finance,Investment Bankers/Brokers/Service,Goldman Sachs,New York
GS^A,Goldman Sachs Group Inc. (The) Depositary Shares each representing 1/1000th Interest in a Share of Floating Rate Non-Cumulative Preferred Stock Series A,23.6867,-0.0333,-0.14%,0,United States,0,11071,None,None,Goldman Sachs,None
GS^C,Goldman Sachs Group Inc. (The) Depositary Share repstg 1/1000th Preferred Series C,24.8565,-0.1485,-0.59%,0,United States,0,1663,None,None,Goldman Sachs,None
GS^D,Goldman Sachs Group Inc. (The) Dep Shs repstg 1/1000 Pfd Ser D Fltg,24.155,-0.065,-0.27%,0,United States,0,27073,None,None,Goldman Sachs,None
GS^J,Goldman Sachs Group Inc Depositary Shs Repstg 1/1000th Pfd Ser J Fixed to Fltg Rate,26.86,-0.04,-0.15%,0,United States,0,14154,None,None,Goldman Sachs,None
GS^K,Goldman Sachs Group Inc. (The) Dep Shs Repstg 1/1000 Int Sh Fxd/Fltg Non Cum Pfd Stk Ser K,28.36,-0.09,-0.32%,0,United States,0,9135,None,None,Goldman Sachs,None
GS^N,Goldman Sachs Group Inc. (The) Depositary Shares Each Representing 1/1000th Interest in a Share of 6.30% Non-Cumulative Preferred Stock Series N,25.36,-0.005,-0.02%,0,United States,0,919,None,None,Goldman Sachs,None
GSBD,Goldman Sachs BDC Inc. Common Stock,20.07,0.23,1.16%,2038954872,United States,2015,68523,None,None,Goldman Sachs,New York
GSEE,Goldman Sachs MarketBeta Emerging Markets Equity ETF,57,-0.6008,-1.04%,0,0,2020,101,None,None,Goldman Sachs,None
GSID,Goldman Sachs MarketBeta International Equity ETF,54.9157,0,0.00%,0,0,2020,1,None,None,Goldman Sachs,None
GSUS,Goldman Sachs MarketBeta U.S. Equity ETF,54.945,-0.2361,-0.43%,0,0,2020,1787,None,None,Goldman Sachs,None
GTIP,Goldman Sachs Access Inflation Protected USD Bond ETF,56.52,-0.1132,-0.20%,28260000,0,2018,612,None,None,Goldman Sachs,None
GTN,Gray Television Inc. Common Stock,19.705,-0.345,-1.72%,1880621554,United States,0,102797,Consumer Services,Broadcasting,Gray Television,Georgia
HAL,Halliburton Company Common Stock,22.68,-0.19,-0.83%,20154191337,United States,0,2156257,Energy,Oilfield Services/Equipment,Halliburton Co,Texas
HALL,Hallmark Financial Services Inc. Common Stock,3.7286,-0.0214,-0.57%,67644850,United States,0,90486,Finance,Property-Casualty Insurers,Hall,Texas
HBAN,Huntington Bancshares Incorporated Common Stock,15.92,-0.025,-0.16%,16276378481,United States,0,2183650,Finance,Major Banks,Huntington Bancshares,Ohio
HBANN,Huntington Bancshares Incorporated Depositary Shares each representing a 1/40th interest in a share of 5.875% Series C Non-Cumulative Perpetual Preferred Stock,25.99,0.1107,0.43%,0,United States,0,1000,Finance,Major Banks,Huntington Bancshares,Ohio
HBANO,Huntington Bancshares Incorporated Depositary Shares,25.6,0.2,0.79%,0,United States,0,9303,Finance,Major Banks,Huntington Bancshares,Ohio
HBANP,Huntington Bancshares Incorporated Depositary Shares 4.500% Series H Non-Cumulative Perpetual Preferred Stock,25.12,-0.09,-0.36%,0,United States,0,13024,Finance,Major Banks,Huntington Bancshares,Ohio
HD,Home Depot Inc. (The) Common Stock,282.52,0.44,0.16%,3.04E+11,United States,0,1827458,Consumer Services,RETAIL: Building Materials,Home Depot,Georgia
HE,Hawaiian Electric Industries Inc. Common Stock,40.8,-0.06,-0.15%,4454589859,United States,0,60613,Public Utilities,Electric Utilities: Central,Hawaiian Electric Industries,Hawaii
HES,Hess Corporation Common Stock,69.1,0.09,0.13%,21212770812,United States,0,651279,Energy,Integrated oil Companies,Hess Corp,New York
HGH,Hartford Financial Services Group Inc. (The) 7.875% Fixed to Floating Rate Junior Subordinated Debentures due 2042,27.39,-0.02,-0.07%,0,United States,0,4793,Finance,Property-Casualty Insurers,Hartford Financial Services,Connecticut
HIG,Hartford Financial Services Group Inc. (The) Common Stock,56.4083,-0.2917,-0.51%,20166774735,United States,0,267531,Finance,Property-Casualty Insurers,Hartford Financial Services,Connecticut
HIG^G,Hartford Financial Services Group Inc. (The) Depositary Shares each representing a 1/1000th interest in a share of 6.000% Non-Cumulative Preferred Stock Series G 0.01 par value,28.04,0.11,0.39%,0,United States,0,1638,None,None,Hartford Financial Services,None
HII,Huntington Ingalls Industries Inc. Common Stock,193.98,-1.15,-0.59%,7808597977,United States,0,27296,Capital Goods,Marine Transportation,Huntington Ingalls Industries,Virginia
HON,Honeywell International Inc. Common Stock,212.27,0.46,0.22%,1.48E+11,United States,0,383689,Capital Goods,Aerospace,Honeywell International,North Carolina
HRB,H&R Block Inc. Common Stock,20.93,0.26,1.26%,3797356523,United States,0,398278,Consumer Services,Other Consumer Services,H&R Block,Missouri
HSIC,Henry Schein Inc. Common Stock,66.72,-0.31,-0.46%,9505204085,United States,1995,117266,Health Care,Medical Specialities,Henry Schein Inc,New York
HTH,Hilltop Holdings Inc.,37.465,-0.105,-0.28%,3079192640,United States,0,49923,Finance,Major Banks,Hilltop Holdings,Texas
HUM,Humana Inc. Common Stock,406.2,3.08,0.76%,52404088253,United States,0,186863,Health Care,Medical Specialities,Humana Inc,Kentucky
HUN,Huntsman Corporation Common Stock,27.92,0.27,0.98%,6170332732,United States,2005,207241,Basic Industries,Major Chemicals,Huntsman Corp,Utah
ICE,Intercontinental Exchange Inc. Common Stock,114.56,-0.1,-0.09%,64349109929,United States,2005,550825,Finance,Investment Bankers/Brokers/Service,Intercontinental Exchange Inc,Georgia
IHRT,iHeartMedia Inc. Class A Common Stock,18.49,-0.26,-1.39%,2588816610,United States,0,361310,Consumer Services,Broadcasting,iHeartMedia Inc,None
IIF,Morgan Stanley India Investment Fund Inc. Common Stock,23.4712,-0.4488,-1.88%,265687670,United States,1994,8428,None,None,Morgan Stanley,New York
IIIN,Insteel Industries Inc. Common Stock,36.805,-0.765,-2.04%,710850555,United States,0,5238,None,None,Insteel Industries,North Carolina
IIVI,II-VI Incorporated Common Stock,72.77,0.97,1.35%,7623533432,United States,1987,396344,Capital Goods,Electronic Components,II-VI Inc,Pennsylvania
IIVIP,II-VI Incorporated 6.00% Series A Mandatory Convertible Preferred Stock,303.4,7.37,2.49%,0,United States,0,967,Capital Goods,Electronic Components,II-VI Inc,Pennsylvania
INFO,IHS Markit Ltd. Common Shares,95.39,0.06,0.06%,37830903440,Bermuda,1996,284438,Technology,Computer Software: Programming Data Processing,IHS Markit,London
INTC,Intel Corporation Common Stock,64.12,-0.66,-1.02%,2.61E+11,United States,0,4583891,Technology,Semiconductors,Intel Corp,California
INTU,Intuit Inc. Common Stock,389.79,-5.63,-1.42%,1.07E+11,United States,1993,195682,Technology,Computer Software: Prepackaged Software,Intuit Inc,California
IP,International Paper Company Common Stock,53.24,0.19,0.36%,20929555309,United States,0,290184,Basic Industries,Paper,International Paper,Tennessee
J,Jacobs Engineering Group Inc. Common Stock,124.84,0.31,0.25%,16239956339,United States,0,62664,Basic Industries,Military/Government/Technical,Jacobs Engineering Group,Texas
JEF,Jefferies Financial Group Inc. Common Stock,33.12,-0.24,-0.72%,8279599844,United States,0,149612,Finance,Investment Bankers/Brokers/Service,Jeffer,New York
JNJ,Johnson & Johnson Common Stock,160.63,-0.74,-0.46%,4.23E+11,United States,0,1073839,Health Care,Major Pharmaceuticals,Johnson & Johnson,New Jersey
JPM^J,J P Morgan Chase & Co Depositary Shares each representing a 1/400th interest in a share of JPMorgan Chase & Co. 4.75% Non-Cumulative Preferred Stock Series GG,26.2293,-0.0007,0.00%,0,United States,0,52390,Finance,Major Banks,JPMorgan Chase & Co,None
KE,Kimball Electronics Inc. Common Stock,28.7,0.27,0.95%,716267651,United States,0,102673,Technology,Electrical Products,Electronics Inc,Indiana
KEX,Kirby Corporation Common Stock,67.69,-0.44,-0.65%,4067225672,United States,0,10506,Consumer Services,Marine Transportation,Kirby Corp,Texas
KEY,KeyCorp Common Stock,20.33,0.02,0.10%,19696012040,United States,0,1675988,Finance,Major Banks,KeyCorp,Ohio
KEY^I,KeyCorp Depositary Shares Each Representing a 1/40th Ownership Interest in a Share of Fixed-to-Floating Rate Perpetual Non-Cumulative Preferred Stock Series E,29.62,-0.18,-0.60%,0,United States,0,2239,None,None,KeyCorp,None
KEY^J,KeyCorp Depositary Shares each representing a 1/40th ownership interest in a share of Fixed Rate Perpetual Non-Cumulative Preferred Stock Series F,26.99,-0.04,-0.15%,0,United States,0,733,None,None,KeyCorp,None
KEY^K,KeyCorp Depositary Shares each representing a 1/40th ownership interest in a share of Fixed Rate Perpetual Non-Cumulative Preferred Stock Series G,27.6,-0.07,-0.25%,0,United States,0,483,None,None,KeyCorp,None
KKR,KKR & Co. Inc. Common Stock,48.33,-0.6,-1.23%,27867618039,United States,0,153186,Finance,Investment Managers,KKR & Co,New York
KKR^A,KKR & Co. Inc. 6.75% Series A Preferred Stock,25.79,-0.02,-0.08%,0,United States,0,3557,None,None,KKR & Co,None
KKR^B,KKR & Co. Inc. 6.50% Series B Preferred Stock,25.66,0,0.00%,0,United States,0,12,None,None,KKR & Co,None
KKR^C,KKR & Co. Inc. 6.00% Series C Mandatory Convertible Preferred Stock,66.84,-0.78,-1.15%,0,United States,0,3123,None,None,KKR & Co,None
KO,Coca-Cola Company (The) Common Stock,51.275,0.055,0.11%,2.21E+11,United States,0,5663210,Consumer Non-Durables,Beverages (Production/Distribution),Coca-Cola Co,Georgia
KSU,Kansas City Southern Common Stock,219.64,-0.16,-0.07%,19953821115,United States,0,61923,Transportation,Railroads,Kansas City Southern,Missouri
KSU^,Kansas City Southern Preferred Stock,36.4618,-3.1382,-7.93%,0,United States,0,400,Transportation,Railroads,Kansas City Southern,None
KTOS,Kratos Defense & Security Solutions Inc. Common Stock,26.35,-0.13,-0.49%,3253252580,United States,0,134644,Capital Goods,Military/Government/Technical,Kratos Defense & Security Solutions,California
KW,Kennedy-Wilson Holdings Inc. Common Stock,20.61,-0.23,-1.10%,2907749216,United States,0,65313,Finance,Real Estate,Wilson,California
LB,L Brands Inc.,59.65,-0.62,-1.03%,16589175783,United States,0,387366,Consumer Services,Clothing/Shoe/Accessory Stores,L Brands,Ohio
LHCG,LHC Group Common Stock,194.93,0.79,0.41%,6158683332,United States,2005,16306,Health Care,Medical/Nursing Services,LHC Group,Louisiana
LHX,L3Harris Technologies Inc. Common Stock,191.105,0.585,0.31%,39284648769,United States,0,261329,Capital Goods,Industrial Machinery/Components,L3Harris Technologies,Florida
LIN,Linde plc Ordinary Share,270.15,-0.64,-0.24%,1.41E+11,0,2018,328729,Basic Industries,Major Chemicals,Linde plc,Surrey
LMT,Lockheed Martin Corporation Common Stock,347.97,0.84,0.24%,96983483886,United States,0,382036,Capital Goods,Military/Government/Technical,Lockheed Martin,Maryland
LOW,Lowe's Companies Inc. Common Stock,174.93,-0.4,-0.23%,1.28E+11,United States,0,414096,Consumer Services,RETAIL: Building Materials,Lowe's Companies,North Carolina
LSXMA,Liberty Media Corporation Series A Liberty SiriusXM Common Stock,46.58,-0.05,-0.11%,15746368022,United States,0,71571,Consumer Services,Broadcasting,Liberty Media Corp,Colorado
LSXMK,Liberty Media Corporation Series C Liberty SiriusXM Common Stock,46.53,-0.26,-0.56%,15729465523,United States,0,201781,Consumer Services,Broadcasting,Liberty Media Corp,Colorado
LUMN,Lumen Technologies Inc. Common Stock,13.915,-0.115,-0.82%,15262647824,United States,0,1597923,Public Utilities,Telecommunications Equipment,Lumen Technologies,Louisiana
LYFT,Lyft Inc. Class A Common Stock,64.87,0.18,0.28%,21337737493,United States,2019,1532750,Miscellaneous,Business Services,Lyft Inc,California
LYV,Live Nation Entertainment Inc. Common Stock,86.15,-1.86,-2.11%,18784758096,United States,0,240270,Consumer Services,Services-Misc. Amusement & Recreation,Live Nation Entertainment,California
MAC,Macerich Company (The) Common Stock,13.46,0.01,0.07%,2083177697,United States,1994,1450424,Consumer Services,Real Estate Investment Trusts,Macerich Co,California
MAR,Marriott International Class A Common Stock,150.81,0.18,0.12%,48924897962,United States,0,341527,Consumer Services,Hotels/Resorts,Marriott International,Maryland
MASI,Masimo Corporation Common Stock,228.89,-0.88,-0.38%,12649962690,United States,2007,84156,Health Care,Biotechnology: Electromedical & Electrotherapeutic Apparatus,Masimo Corp,California
MATX,Matson Inc. Common Stock,73.69,-1.32,-1.76%,3200737677,United States,0,28191,Consumer Services,Marine Transportation,Matson Inc,Hawaii
MCBS,MetroCity Bankshares Inc. Common Stock,16.18,0.12,0.75%,415406404,United States,2019,765,Finance,Major Banks,City Bank,Georgia
MCD,McDonald's Corporation Common Stock,223.19,3.33,1.52%,1.66E+11,United States,0,1169416,Consumer Services,Restaurants,McDonald's Corp,Illinois
MCK,McKesson Corporation Common Stock,186.4,-0.14,-0.08%,29668809698,United States,0,94103,Health Care,Other Pharmaceuticals,McKesson Corp,Texas
MD,Mednax Inc. Common Stock,27.49,0.3,1.10%,2354019172,United States,0,78548,Health Care,Hospital/Nursing Management,Mednax Inc,None
MDP,Meredith Corporation Common Stock,34.31,-0.38,-1.10%,1565720038,United States,0,28463,Consumer Services,Newspapers/Magazines,Meredith Corp,Iowa
MEI,Methode Electronics Inc. Common Stock,46.15,-0.36,-0.77%,1774316959,United States,0,16034,Capital Goods,Electrical Products,Electronics Inc,Illinois
MER^K,Bank of America Corporation Income Capital Obligation Notes initially due December 15 2066,27.1,-0.07,-0.26%,0,United States,0,6639,None,None,Bank of America,None
MET,MetLife Inc. Common Stock,59.59,0.28,0.47%,52701349639,United States,2000,934211,Finance,Life Insurance,MetLife Inc,New York
MET^A,MetLife Inc. Preferred Series A Floating Rate,25.66,-0.04,-0.16%,0,United States,0,7066,None,None,MetLife Inc,None
MET^E,MetLife Inc. Depositary shares each representing a 1/1000th interest in a share of the Issuera??s 5.625% Non-Cumulative Preferred Stock Series E.,26.925,0.025,0.09%,0,United States,0,2045,None,None,MetLife Inc,None
MET^F,MetLife Inc. Depositary Shares each representing a 1/1000th interest in a share of 4.75% Non-Cumulative Preferred Stock Series F,26.13,-0.02,-0.08%,0,United States,0,11159,None,None,MetLife Inc,None
MGM,MGM Resorts International Common Stock,40.05,0.14,0.35%,19818876868,United States,0,1734359,Consumer Services,Hotels/Resorts,MGM Resorts International,Nevada
MGR,Affiliated Managers Group Inc. 5.875% Junior Subordinated Notes due 2059,27.59,-0.1,-0.36%,0,United States,2019,3637,Finance,Investment Managers,Affiliated Managers Group,FL
MGRB,Affiliated Managers Group Inc. 4.750% Junior Subordinated Notes due 2060,25.4104,-0.0796,-0.31%,0,United States,2020,39873,Finance,Investment Managers,Affiliated Managers Group,FL
MGY,Magnolia Oil & Gas Corporation Class A Common Stock,11.81,-0.32,-2.64%,2935795086,United States,2017,261260,Energy,Oil & Gas Production,Magnolia Oil & Gas,None
MO,Altria Group Inc.,49.31,-0.13,-0.26%,91651986839,United States,0,2652956,Consumer Non-Durables,Farming/Seeds/Milling,Altria Group,Virginia
MOH,Molina Healthcare Inc Common Stock,230.06,-3.78,-1.62%,13343480000,United States,2003,27139,Health Care,Medical Specialities,Molina Healthcare,California
MPC,Marathon Petroleum Corporation Common Stock,55.02,-1.19,-2.12%,35833141807,United States,0,799636,Energy,Integrated oil Companies,Marathon Petroleum,Ohio
MPWR,Monolithic Power Systems Inc. Common Stock,340.92,-1.73,-0.51%,15553111320,United States,2004,33953,Technology,Semiconductors,Monolithic Power Systems,Washington
MRK,Merck & Company Inc. Common Stock (new),76.74,-0.07,-0.09%,1.94E+11,United States,0,4079353,Health Care,Major Pharmaceuticals,Merck & Co,New Jersey
MS,Morgan Stanley Common Stock,82.58,0.04,0.05%,1.55E+11,United States,0,1657326,Finance,Investment Bankers/Brokers/Service,Morgan Stanley,New York
MS^A,Morgan Stanley Dep Shs repstg 1/1000 Pfd Ser A,24.53,0,0.00%,0,United States,0,32189,None,None,Morgan Stanley,None
MS^E,Morgan Stanley DEPOSITARY SHARES REP 1/1000TH SHARES FIXED/FLTG PREFERRED STOCK SERIES E,29.13,-0.049,-0.17%,0,United States,0,4274,None,None,Morgan Stanley,None
MS^F,Morgan Stanley Dep Shs Rpstg 1/1000th Int Prd Ser F Fxd to Flag,28.68,-0.01,-0.04%,0,United States,0,4015,None,None,Morgan Stanley,None
MS^I,Morgan Stanley Depository Shares Representing 1/1000th Preferred Series 1 Fixed to Floating Non (Cum),28.9,0.07,0.24%,0,United States,0,5183,None,None,Morgan Stanley,None
MS^K,Morgan Stanley Depositary Shares each representing 1/1000th of a share of Fixed-to-Floating Rate Non-Cumulative Preferred Stock  Series K,29.08,-0.05,-0.17%,0,United States,0,2140,None,None,Morgan Stanley,None
MS^L,Morgan Stanley Depositary Shares each representing 1/1000th of a share of 4.875% Non-Cumulative Preferred Stock Series L,26.44,-0.03,-0.11%,0,United States,0,822,None,None,Morgan Stanley,None
MSD,Morgan Stanley Emerging Markets Debt Fund Inc. Common Stock,8.93,-0.02,-0.22%,182053410,United States,1993,6099,None,None,Morgan Stanley,New York
MSFT,Microsoft Corporation Common Stock,235.07,-2.64,-1.11%,1.77E+12,United States,1986,5505009,Technology,Computer Software: Prepackaged Software,Microsoft Corp,Washington
MTH,Meritage Homes Corporation Common Stock,89.47,-0.59,-0.66%,3356210003,United States,0,36747,Capital Goods,Homebuilding,Meritage Homes,Arizona
MTN,Vail Resorts Inc. Common Stock,309.855,0.115,0.04%,12473612428,United States,1997,31507,Consumer Services,Services-Misc. Amusement & Recreation,Vail Resorts,Colorado
MUR,Murphy Oil Corporation Common Stock,18.18,-0.11,-0.60%,2792423003,United States,0,478252,Energy,Oil & Gas Production,Murphy Oil,Texas
NC,NACCO Industries Inc. Common Stock,22.09,0.23,1.05%,155907354,United States,0,1351,Consumer Durables,Consumer Electronics/Appliances,NACCO Industries,None
NEE,NextEra Energy Inc. Common Stock,73.85,-1.53,-2.03%,1.45E+11,United States,0,1947489,Public Utilities,Electric Utilities: Central,NextEra Energy,None
NEE^K,NextEra Energy Inc. Series K Junior Subordinated Debentures due June 1 2076,25.66,0.05,0.20%,0,United States,0,2752,None,None,NextEra Energy,None
NEE^N,NextEra Energy Inc. Series N Junior Subordinated Debentures due March 1 2079,28.155,0.015,0.05%,0,United States,0,7505,None,None,NextEra Energy,None
NEE^O,NextEra Energy Inc. 4.872% Corporate Units,56.45,-1.23,-2.13%,0,United States,0,321,None,None,NextEra Energy,None
NEE^P,NextEra Energy Inc. 5.279% Corporate Units,48.79,-0.74,-1.49%,0,United States,0,2551,None,None,NextEra Energy,None
NEE^Q,NextEra Energy Inc. 6.219% Corporate Units,48.869,-0.951,-1.91%,0,United States,0,52731,None,None,NextEra Energy,None
NEP,NextEra Energy Partners LP Common Units representing limited partner interests,72,-1.88,-2.55%,5464275264,United States,2014,63351,Public Utilities,Electric Utilities: Central,NextEra Energy,Florida
NFG,National Fuel Gas Company Common Stock,49.11,-0.45,-0.91%,4477036833,United States,0,51350,Public Utilities,Oil/Gas Transmission,National Fuel Gas Co,New York
NI,NiSource Inc Common Stock,23.73,0.28,1.19%,9298830942,United States,0,1910293,Public Utilities,Power Generation,NiSource Inc,None
NI^B,NiSource Inc Depositary Shares representing 1/1000th ownership interest in a share of 6.50% Series B Preferred Stock and 1/1000th ownership interest in a share of Series B-1 Preferred Stock,28.0445,-0.1555,-0.55%,0,United States,0,2872,Public Utilities,Power Generation,NiSource Inc,None
NKE,Nike Inc. Common Stock,145.34,0.69,0.48%,2.29E+11,United States,0,1347009,Consumer Non-Durables,Shoe Manufacturing,Nike Inc,Oregon
NOC,Northrop Grumman Corporation Common Stock,308.09,2.25,0.74%,51364266927,United States,0,170103,Capital Goods,Industrial Machinery/Components,Northrop Grumman,Virginia
NS,Nustar Energy L.P.  Common Units,18.6,-0.27,-1.43%,2037187748,United States,0,36324,Energy,Natural Gas Distribution,Nustar Energy,Texas
NS^A,Nustar Energy L.P. 8.50% Series A Fixed-to-Floating Rate Cumulative Redeemable Perpetual Preferred Units,22.9,-0.05,-0.22%,0,United States,0,1636,None,None,Nustar Energy,None
NS^B,Nustar Energy L.P. 7.625% Series B Fixed-to-Floating Rate Cumulative Redeemable Perpetual Preferred Units representing limited partner interests,19.79,0.09,0.46%,0,United States,0,9273,None,None,Nustar Energy,None
NS^C,Nustar Energy L.P. 9.00% Series C Fixed-to-Floating Rate Cumulative Redeemable Perpetual Preferred Units,24,0,0.00%,0,United States,0,669,None,None,Nustar Energy,None
NSC,Norfolk Southern Corporation Common Stock,256.02,-0.37,-0.14%,64494416537,United States,0,117565,Transportation,Railroads,Southern Co,Virginia
NUE,Nucor Corporation Common Stock,69.02,0.11,0.16%,20571125119,United States,0,260553,Basic Industries,Steel/Iron Ore,Nucor Corp,North Carolina
NVO,Novo Nordisk A/S Common Stock,71.25,-1.4,-1.93%,1.64E+11,Denmark,0,127388,Health Care,Major Pharmaceuticals,Novo Nordisk,Bagsvaerd
OC,Owens Corning Inc Common Stock New,89.14,-0.56,-0.62%,9353137781,United States,0,127681,Capital Goods,Industrial Machinery/Components,Corning Inc,Ohio
ODFL,Old Dominion Freight Line Inc. Common Stock,226.08,-2.9,-1.27%,26437142055,United States,1991,48821,Transportation,Trucking Freight/Courier Services,Old Dominion Freight Line,North Carolina
OMC,Omnicom Group Inc. Common Stock,76.01,-0.78,-1.02%,16343243784,United States,0,272998,Technology,Advertising,Omnicom Group,New York
ONB,Old National Bancorp Common Stock,20.27,-0.08,-0.39%,3358179143,United States,0,64712,Finance,Major Banks,Old National Bancorp,Indiana
ORCL,Oracle Corporation Common Stock,66.595,-0.255,-0.38%,1.92E+11,United States,1986,2025847,Technology,Computer Software: Prepackaged Software,Oracle Corp,California
OSK,Oshkosh Corporation (Holding Company)Common Stock,117.16,0.68,0.58%,8011914781,United States,0,85625,Capital Goods,Auto Manufacturing,Oshkosh Corp,Wisconsin
OXY,Occidental Petroleum Corporation Common Stock,28.07,-0.1,-0.36%,26148740934,United States,0,6228626,Energy,Oil & Gas Production,Occidental Petroleum,Texas
PBI,Pitney Bowes Inc. Common Stock,8.9299,-0.4801,-5.10%,1547323627,United States,0,587879,Miscellaneous,Office Equipment/Supplies/Services,Pitney Bowes Inc,Connecticut
PBI^B,Pitney Bowes Inc 6.70% Notes Due 2043,23.875,0.025,0.11%,0,United States,0,15994,None,None,Pitney Bowes Inc,None
PCH,PotlatchDeltic Corporation Common Stock,52,-1.99,-3.69%,3479797776,United States,0,94483,Consumer Services,Real Estate Investment Trusts,PotlatchDeltic Corp,Washington
PEG,Public Service Enterprise Group Incorporated Common Stock,58.945,0.385,0.66%,29772712131,United States,0,547455,Public Utilities,Power Generation,Public Service Enterprise Group,New Jersey
PEGA,Pegasystems Inc. Common Stock,117.76,-4,-3.29%,9526859013,United States,1996,61743,Technology,EDP Services,Pegasystems Inc,Massachusetts
PEP,PepsiCo Inc. Common Stock,133.93,-0.08,-0.06%,1.85E+11,United States,0,1641714,Consumer Non-Durables,Beverages (Production/Distribution),PepsiCo Inc,New York
PFE,Pfizer Inc. Common Stock,35.339,-0.491,-1.37%,1.97E+11,United States,0,10383322,Health Care,Major Pharmaceuticals,Pfizer Inc,New York
PFH,Prudential Financial Inc. 4.125% Junior Subordinated Notes due 2060,25.27,-0.03,-0.12%,0,United States,2020,13170,Finance,Life Insurance,Prudential Financial,New Jersey
PG,Procter & Gamble Company (The) Common Stock,129.18,0.24,0.19%,3.18E+11,United States,0,1063281,Basic Industries,Package Goods/Cosmetics,Procter & Gamble,Ohio
PLUG,Plug Power Inc. Common Stock,35.94,-6.74,-15.79%,21193229303,United States,1999,53126831,Energy,Industrial Machinery/Components,Plug Power Inc,New York
PNC,PNC Financial Services Group Inc. (The) Common Stock,177.13,0.55,0.31%,75106749748,United States,0,220032,Finance,Major Banks,PNC Financial Services,Pennsylvania
PNC^P,PNC Financial Services Group Inc. (The) Depositary Shares Representing 1/4000th Perpetual Preferred Series P,26.3997,-0.0303,-0.12%,0,United States,0,13133,None,None,PNC Financial Services,None
PNW,Pinnacle West Capital Corporation Common Stock,80.345,0.765,0.96%,9054206682,United States,0,77944,Public Utilities,Electric Utilities: Central,Pinnacle West Capital,Arizona
POR,Portland General Electric Co Common Stock,47.71,-0.09,-0.19%,4271907312,United States,0,66980,Public Utilities,Electric Utilities: Central,Portland General Electric,Oregon
PPL,PPL Corporation Common Stock,28.295,-0.005,-0.02%,21758424492,United States,0,1372277,Public Utilities,Electric Utilities: Central,PPL Corp,Pennsylvania
PRS,Prudential Financial Inc. 5.625% Junior Subordinated Notes due 2058,27.38,-0.01,-0.04%,932605704,United States,2018,7776,Finance,Life Insurance,Prudential Financial,NJ
PRU,Prudential Financial Inc. Common Stock,92.05,0.66,0.72%,36543850000,United States,2001,405549,Finance,Life Insurance,Prudential Financial,New Jersey
PSF,Cohen & Steers Select Preferred and Income Fund Inc. Common Stock,27.75,0.01,0.04%,333460317,0,2010,10868,None,None,Cohen,New York
PSN,Parsons Corporation Common Stock,37.56,0.05,0.13%,3844666465,0,2019,37857,Technology,EDP Services,Parsons Corp,Virginia
PSX,Phillips 66 Common Stock,83.84,-1.09,-1.28%,36631880703,United States,0,321564,Energy,Integrated oil Companies,Phillips 66,Texas
PSXP,Phillips 66 Partners LP Common Units representing limited partner interest in the Partnership,29.6904,-0.5796,-1.92%,6779510271,United States,2013,224599,Energy,Natural Gas Distribution,Phillips 66,Texas
PTA,Cohen & Steers Tax-Advantaged Preferred Securities and Income Fund Common Shares of Beneficial Interest,24.81,-0.03,-0.12%,1371334468,0,2020,12410,None,None,Cohen,None
QTWO,Q2 Holdings Inc. Common Stock,109.89,-2.13,-1.90%,6109830374,0,2014,38980,Technology,Computer Software: Prepackaged Software,Q2 Holdings,Texas
RAD,Rite Aid Corporation Common Stock,25.9925,-1.3875,-5.07%,1435419255,United States,0,858665,Health Care,Medical/Nursing Services,Rite Aid Corp,Pennsylvania
REGN,Regeneron Pharmaceuticals Inc. Common Stock,489.37,7.2,1.49%,52427137414,United States,1991,288180,Health Care,Major Pharmaceuticals,Regeneron Pharmaceuticals,New York
RELL,Richardson Electronics Ltd. Common Stock,6.73,-0.03,-0.44%,88887511,United States,1983,4100,Technology,Electronic Components,Richardson,None
RFI,Cohen & Steers Total Return Realty Fund Inc. Common Stock,14.36,-0.04,-0.28%,376958602,United States,1993,3961,None,None,Cohen,New York
RNP,Cohen & Steers REIT and Preferred and Income Fund Inc. Common Shares,23.68,-0.05,-0.21%,1126746330,United States,2003,11472,None,None,Cohen,New York
RPM,RPM International Inc. Common Stock,87.3806,-0.6794,-0.77%,11368459415,United States,0,36873,Basic Industries,Paints/Coatings,M International,Ohio
RQI,Cohen & Steers Quality Income Realty Fund Inc Common Shares,13.5622,-0.0978,-0.72%,1820633520,United States,2002,49648,None,None,Cohen,New York
RTX,Raytheon Technologies Corporation Common Stock,78.64,0.4,0.51%,1.19E+11,United States,0,1180513,Capital Goods,Aerospace,Raytheon Technologies,Massachusetts
SAFM,Sanderson Farms Inc. Common Stock,159.77,-0.69,-0.43%,3567727049,United States,1987,12657,Consumer Non-Durables,Meat/Poultry/Fish,Sanderson Farms,Mississippi
SBNY,Signature Bank Common Stock,235.6,-5.97,-2.47%,13576429032,United States,2004,119533,Finance,Major Banks,Signature Bank,New York
SBNYP,Signature Bank Depositary shares each representing a 1/40th ownership interest in a share of 5.000% Noncumulative Perpetual Series A Preferred Stock,25.4,-0.09,-0.35%,0,United States,0,4059,Finance,Major Banks,Signature Bank,New York
SBS,Companhia de saneamento Basico Do Estado De Sao Paulo - Sabesp American Depositary Shares (Each repstg 250 Common Shares),6.92,-0.12,-1.71%,4729888293,Brazil,2002,194233,Public Utilities,Water Supply,Paul,Sao Paulo
SCCO,Southern Copper Corporation Common Stock,73.01,-0.79,-1.07%,56442079370,United States,0,143112,Basic Industries,Precious Metals,Southern Co,Arizona
SCHW,Charles Schwab Corporation (The) Common Stock,65.59,0.12,0.18%,1.23E+11,United States,0,1190088,Finance,Investment Bankers/Brokers/Service,Charles Schwab Corp,California
SCHW^C,The Charles Schwab Corporation Depositary Shares each representing 1/40th interest in a share of 6% Non-Cumulative Perpetual Preferred Stock Series C,25.41,-0.0044,-0.02%,0,United States,0,6279,None,None,Charles Schwab Corp,None
SCHW^D,The Charles Schwab Corporation Depositary Shares each representing 1/40th interest in a share of 5.95% Non-Cumulative Perpetual Preferred Stock Series D,25.43,-0.03,-0.12%,0,United States,0,3508,None,None,Charles Schwab Corp,None
SEM,Select Medical Holdings Corporation Common Stock,35.51,0.36,1.02%,4788122450,United States,2009,81735,Health Care,Hospital/Nursing Management,Select Medical Holdings,None
SFNC,Simmons First National Corporation Class A Common Stock,31.78,0.14,0.44%,3435008356,United States,0,52475,Finance,Major Banks,Simmons First National Corp,Arkansas
SGEN,Seagen Inc. Common Stock,146.75,-0.68,-0.46%,26585882451,United States,2001,282075,Health Care,Biotechnology: Biological Products (No Diagnostic Substances),Seagen Inc,None
SJM,J.M. Smucker Company (The) New Common Stock,123.805,0.495,0.40%,13409380710,United States,0,81689,Consumer Non-Durables,Packaged Foods,Smucker Co,Ohio
SMG,Scotts Miracle-Gro Company (The) Common Stock,232.54,-2.31,-0.98%,12953197479,United States,1992,39015,Basic Industries,Agricultural Chemicals,Scotts Miracle-Gro,Ohio
SNDR,Schneider National Inc. Common Stock,24.755,-0.235,-0.94%,4390406835,United States,2017,29335,Transportation,Trucking Freight/Courier Services,Schneider National,Wisconsin
SNE,Sony Corporation Common Stock,105.07,-1.49,-1.40%,1.30E+11,Japan,0,155133,Consumer Non-Durables,Consumer Electronics/Appliances,Sony Corp,Tokyo To
SO,Southern Company (The) Common Stock,61.075,-0.175,-0.29%,64532434985,United States,0,818450,Public Utilities,Electric Utilities: Central,Southern Co,Georgia
SOJB,Southern Company (The) Series 2016A 5.25% Junior Subordinated Notes due October 1 2076,25.6662,0.0162,0.06%,0,United States,2016,9951,Public Utilities,Electric Utilities: Central,Southern Co,Georgia
SOJC,Southern Company (The) Series 2017B 5.25% Junior Subordinated Notes due December 1 2077,26.48,0.09,0.34%,0,United States,2017,1789,Public Utilities,Electric Utilities: Central,Southern Co,Georgia
SOJD,Southern Company (The) Series 2020A 4.95% Junior Subordinated Notes due January 30 2080,26.71,-0.11,-0.41%,0,United States,2020,5120,Public Utilities,Electric Utilities: Central,Southern Co,GA
SOJE,Southern Company (The) Series 2020C 4.20% Junior Subordinated Notes due October 15 2060,24.5916,-0.1094,-0.44%,0,United States,2020,35182,Public Utilities,Electric Utilities: Central,Southern Co,GA
SOLN,Southern Company (The) 2019 Series A Corporate Units,50.6,-0.27,-0.53%,0,United States,2019,37644,Public Utilities,Electric Utilities: Central,Southern Co,Georgia
SPG,Simon Property Group Inc. Common Stock,117.05,-0.14,-0.12%,38451090743,United States,0,444323,Consumer Services,Real Estate Investment Trusts,Simon Property Group,Indiana
SPG^J,Simon Property Group Inc. Simon Property Group 8 3/8% Series J Cumulative Redeemable Preferred Stock,69.45,0,0.00%,0,United States,0,50,None,None,Simon Property Group,None
SPR,Spirit Aerosystems Holdings Inc. Common Stock,50.31,0.15,0.30%,5303689809,United States,2006,542740,Capital Goods,Military/Government/Technical,Spirit Aerosystems,None
STT,State Street Corporation Common Stock,83.79,0.14,0.17%,29476178853,United States,0,318591,Finance,Major Banks,State Street Corp,Massachusetts
STT^D,State Street Corporation Depositary Shares representing 1/4000th Perpetual Preferred Series D,28.45,0.05,0.18%,0,United States,0,16671,None,None,State Street Corp,None
STT^G,State Street Corporation Depositary shares each representing a 1/4000th ownership interest in a share of Fixed-to-Floating Rate Non-Cumulative,28.958,-0.082,-0.28%,0,United States,0,2885,None,None,State Street Corp,None
STZ,Constellation Brands Inc. Common Stock,232.12,1.49,0.65%,45010093247,United States,0,143212,Consumer Non-Durables,Beverages (Production/Distribution),Constellation Brands,New York
STZ/B,Constellation Brands Inc,230.66,0,0.00%,0,United States,0,25,None,None,Constellation Brands,None
SY,So-Young International Inc. American Depository Shares,12.12,-0.41,-3.27%,1294050012,China,2019,159152,Technology,EDP Services,Young,None
SYX,Systemax Inc. Common Stock,38.12,-0.2,-0.52%,1426161069,United States,0,4932,Capital Goods,Industrial Machinery/Components,Systemax Inc,None
T,AT&T Inc.,29.945,-0.045,-0.15%,2.14E+11,United States,0,7524992,Public Utilities,Telecommunications Equipment,AT&T Inc,Texas
T^A,AT&T Inc. Depositary Shares each representing a 1/1000th interest in a share of 5.000% Perpetual Preferred Stock Series A,26.15,-0.13,-0.50%,0,United States,0,12906,None,None,AT&T Inc,None
T^C,AT&T Inc. Depositary Shares each representing a 1/1000th interest in a share of 4.750% Perpetual Preferred Stock Series C,25.14,-0.05,-0.20%,0,United States,0,29144,None,None,AT&T Inc,None
TAK,Takeda Pharmaceutical Company Limited American Depositary Shares (each representing 1/2 of a share of Common Stock),19.36,0.45,2.38%,61037739798,0,2018,1012512,Health Care,Major Pharmaceuticals,Takeda Pharmaceutical Co,Tokyo To
TBB,AT&T Inc. 5.350% Global Notes due 2066,26.5001,-0.1199,-0.45%,0,United States,2017,7137,Public Utilities,Telecommunications Equipment,AT&T Inc,Texas
TBC,AT&T Inc. 5.625% Global Notes due 2067,27.1305,-0.1195,-0.44%,0,United States,2018,16015,Public Utilities,Telecommunications Equipment,AT&T Inc,Texas
TDG,Transdigm Group Incorporated Transdigm Group Inc. Common Stock,604.84,-1.94,-0.32%,33078045163,United States,2006,24363,Capital Goods,Military/Government/Technical,Transdigm Group,None
TELL,Tellurian Inc. Common Stock,2.555,-0.085,-3.22%,987728855,United States,0,3046559,Energy,Oil & Gas Production,Tellurian Inc,Texas
TFC,Truist Financial Corporation Common Stock,58.25,0.01,0.02%,78474313266,United States,0,1149593,Finance,Major Banks,Truist Financial,North Carolina
TFC^H,Truist Financial Corporation Series H ,25.3499,0.0017,0.01%,0,United States,0,3354,None,None,Truist Financial,None
TFC^I,Truist Financial Corporation Depositary Shares,25.5999,-0.1451,-0.56%,0,United States,0,4129,None,None,Truist Financial,None
TFC^O,Truist Financial Corporation Depositary Shares Each Representing a 1/1000th Interest in a Share of Series O Non-Cumulative Perpetual Preferred Stock,27.41,-0.02,-0.07%,0,United States,0,7100,None,None,Truist Financial,None
TFC^R,Truist Financial Corporation Depositary Shares each representing 1/1000th interest in a share of Series R Non-Cumulative Perpetual Preferred Stock,25.7327,-0.0477,-0.19%,0,United States,0,11304,None,None,Truist Financial,None
TGT,Target Corporation Common Stock,178.63,-1.58,-0.88%,89067808233,United States,0,428438,Consumer Services,Department/Specialty Retail Stores,Target Corp,Minnesota
TKR,Timken Company (The) Common Stock,83.645,0.615,0.74%,6332824429,United States,0,113668,Capital Goods,Metal Fabrications,Timken Co,Ohio
TM,Toyota Motor Corporation Common Stock,152.35,0.25,0.16%,2.13E+11,Japan,0,40618,Capital Goods,Auto Manufacturing,Toyota Motor Corp,Aichi Ken
TRV,The Travelers Companies Inc. Common Stock,156.03,-0.44,-0.28%,39353005811,United States,0,287062,Finance,Property-Casualty Insurers,Travelers Companies,Minnesota
TXT,Textron Inc. Common Stock,54.005,0.095,0.18%,12255095750,United States,0,100144,Capital Goods,Aerospace,Textron Inc,Rhode Island
UAL,United Airlines Holdings Inc. Common Stock,59.939,0.129,0.22%,19089149747,United States,0,5767431,Transportation,Air Freight/Delivery Services,United Airlines Holdings,Illinois
UEIC,Universal Electronics Inc. Common Stock,61.26,-0.44,-0.71%,845912263,United States,1993,2609,Consumer Non-Durables,Consumer Electronics/Appliances,Electronics Inc,Arizona
UNP,Union Pacific Corporation Common Stock,210.295,-1.405,-0.66%,1.41E+11,United States,0,549731,Transportation,Railroads,Union Pacific Corp,Nebraska
UPS,United Parcel Service Inc. Common Stock,159.93,-2.89,-1.78%,1.39E+11,United States,1999,646709,Transportation,Trucking Freight/Courier Services,United Parcel Service,Georgia
UTF,Cohen & Steers Infrastructure Fund Inc Common Stock,25.996,0.026,0.10%,2434203128,United States,2004,25781,None,None,Cohen,New York
UUUU,Energy Fuels Inc Ordinary Shares (Canada),6.93,-0.12,-1.70%,960814521,0,0,1786295,Basic Industries,Mining & Quarrying of Nonmetallic Minerals (No Fuels),Energy Fuels,Colorado
V,Visa Inc.,225.48,0.78,0.35%,4.82E+11,United States,0,1225137,Miscellaneous,Business Services,Visa Inc,California
VAR,Varian Medical Systems Inc. Common Stock,176.39,0.19,0.11%,16199448225,United States,0,184096,Health Care,Biotechnology: Electromedical & Electrotherapeutic Apparatus,Varian Medical Systems,California
VLO,Valero Energy Corporation Common Stock,77.58,-1.74,-2.19%,31696309084,United States,0,770789,Energy,Integrated oil Companies,Valero Energy,Texas
VRTX,Vertex Pharmaceuticals Incorporated Common Stock,216.14,-2.85,-1.30%,56187767801,United States,1991,246094,Health Care,Major Pharmaceuticals,Vertex Pharmaceuticals,Massachusetts
VZ,Verizon Communications Inc. Common Stock,55.5616,-0.0784,-0.14%,2.30E+11,United States,0,4181968,Public Utilities,Telecommunications Equipment,Verizon Communications,New York
WDAY,Workday Inc. Class A Common Stock,254.97,-2.15,-0.84%,61932213000,United States,0,240528,Technology,EDP Services,Workday Inc,California
WFC,Wells Fargo & Company Common Stock,39.295,-0.055,-0.14%,1.62E+11,United States,0,8970916,Finance,Major Banks,Wells Fargo,California
WFC^A,Wells Fargo & Company Depositary Shares each representing a 1/1000th interest in a share of Non-Cumulative Perpetual Class A Preferred Stock Series AA,25.175,-0.065,-0.26%,0,United States,0,44209,None,None,Wells Fargo,None
WFC^C,Wells Fargo & Company Depositary Shares each representing a 1/1000th interest in a share of Non-Cumulative Perpetual Class A Preferred Stock Series CC,24.52,-0.14,-0.57%,0,United States,0,87639,None,None,Wells Fargo,None
WFC^L,Wells Fargo & Company Wells Fargo & Company 7.50% Non-Cumulative Perpetual Convertible Class A Preferred Stock Series L,1415.44,-0.56,-0.04%,0,United States,0,1729,None,None,Wells Fargo,None
WFC^N,Wells Fargo & Company Dep Shs Repstg 1/1000th Perp Pfd Cl A Ser N,25.41,0,0.00%,0,United States,0,16555,None,None,Wells Fargo,None
WFC^O,Wells Fargo & Company Depositary Shares Representing 1/1000th Perpetual Preferred Class A Series O,25.55,-0.01,-0.04%,0,United States,0,1051,None,None,Wells Fargo,None
WFC^Q,Wells Fargo & Company Depositary Shares Representing 1/1000th Interest Perpetual Preferred Class A Series Q Fixed to Floating,27,0,0.00%,0,United States,0,24351,None,None,Wells Fargo,None
WFC^R,Wells Fargo & Company Dep Shs Repstg 1/1000th Int Perp Pfd Cl A (Ser R Fixed To Flltg),28.8,-0.02,-0.07%,0,United States,0,17177,None,None,Wells Fargo,None
WFC^X,Wells Fargo & Company Depositary Shares each representing a 1/1000th interest in a share of Non-Cumulative Perpetual Class A Preferred Stock Series X,25.67,0.02,0.08%,0,United States,0,13290,None,None,Wells Fargo,None
WFC^Y,Wells Fargo & Company Depositary Shares each representing a 1/1000th interest in a share of Non-Cumulative Perpetual Class A Preferred Stock Series Y,26.25,0,0.00%,0,United States,0,3043,None,None,Wells Fargo,None
WFC^Z,Wells Fargo & Company Depositary Shares each representing a 1/1000th interest in a share of Non-Cumulative Perpetual Class A Preferred Stock Series Z,25.37,-0.1,-0.39%,0,United States,0,42104,None,None,Wells Fargo,None
WHR,Whirlpool Corporation Common Stock,212.26,0.09,0.04%,13323882411,United States,0,38822,Consumer Durables,Consumer Electronics/Appliances,Whirlpool Corp,Michigan
WM,Waste Management Inc. Common Stock,120.79,-2.12,-1.73%,51112644589,United States,0,736520,Public Utilities,Environmental Services,Waste Management Inc,Texas
WMB,Williams Companies Inc. (The) Common Stock,23.25,0.03,0.13%,28220626591,United States,0,1942126,Public Utilities,Natural Gas Distribution,Williams Companies,Oklahoma
WMT,Walmart Inc. Common Stock,132.645,-0.745,-0.56%,3.75E+11,United States,0,1576855,Consumer Services,Department/Specialty Retail Stores,Walmart Inc,Arkansas
WY,Weyerhaeuser Company Common Stock,35.22,-0.41,-1.15%,26336388960,United States,0,1080154,Consumer Services,Real Estate Investment Trusts,Weyerhaeuser Co,Washington
XOM,Exxon Mobil Corporation Common Stock,58.73,-0.38,-0.64%,2.49E+11,United States,0,6014243,Energy,Integrated oil Companies,Exxon Mobil,Texas
ZION,Zions Bancorporation N.A. Common Stock,56.31,-0.09,-0.16%,9246895971,United States,0,226118,Finance,Major Banks,Zions Bancorp,Utah
ZIONL,Zions Bancorporation 6.95% Fixed-to-Floating Rate Subordinated Notes,27.98,0.065,0.23%,0,United States,0,164,Finance,Major Banks,Zions Bancorp,Utah
ZIONN,Zions Bancorporation N.A. Dep Shs Repstg 1/40th Int Sh Ser H Perp Pfd Stk,25.6,-0.4,-1.54%,0,United States,0,3972,Finance,Major Banks,Zions Bancorp,Utah
ZIONO,Zions Bancorporation N.A. Dep Shs Repstg 1/40th Perp Pfd Ser G,27.57,-0.47,-1.68%,0,United States,0,162,Finance,Major Banks,Zions Bancorp,Utah
ZIONP,Zions Bancorporation N.A. Depositary Shares (Each representing 1/40th Interest in a Share of Series A Floating-Rate Non-Cumulative Perpetual Preferred Stock),24.991,0,0.00%,0,United States,0,2,Finance,Major Banks,Zions Bancorp,Utah
